acct_id,dsply_nm,type,acct_stat,acct_rptng_crncy,prior_sar_count,branch_id,open_dt,close_dt,initial_deposit,tx_behavior_id,bank_id,first_name,last_name,street_addr,city,state,country,zip,gender,birth_date,ssn,lon,lat
0,C_0,I,A,USD,FALSE,1,0,1000000,72795.89,,bank,Emily,Blair,48764 Howard Forge Apt. 421,Vanessaside,PA,US,19763,Female,2022/5/1,701-43-7736,120.547683,-62.968225
1,C_1,I,A,USD,FALSE,1,0,1000000,86069.39,,bank,Dana,Nguyen,387 Grimes Green Apt. 801,Pagetown,NM,US,44165,Female,1915/2/25,196-73-3633,-51.89405,-51.749453
2,C_2,I,A,USD,FALSE,1,0,1000000,70188.94,,bank,Anna,Yates,15871 Arnold Squares Apt. 858,Port Carrie,LA,US,58826,Female,1949/9/24,590-31-4757,-81.28623,-39.160654
3,C_3,I,A,USD,FALSE,1,0,1000000,74800.25,,bank,Michael,Massey,471 Erika Curve,North Megan,UT,US,71358,Male,1977/12/22,283-67-3859,-64.464688,68.323549
4,C_4,I,A,USD,FALSE,1,0,1000000,51034.19,,bank,Connie,Norton,477 Miller Ridge Apt. 795,East Allen,DE,US,92950,Female,1951/11/3,437-08-1649,-101.424385,-31.27342
5,C_5,I,A,USD,FALSE,1,0,1000000,86997.93,,bank,Karen,Acosta,13991 Davis Village,North Catherineborough,VT,US,16740,Female,1914/11/23,696-03-8917,48.50237,76.5910375
6,C_6,I,A,USD,FALSE,1,0,1000000,51713.68,,bank,Caroline,Chambers,31456 Bruce Mountain Apt. 916,West Michael,NJ,US,75181,Female,2011/1/7,060-87-2593,-93.051569,1.888823
7,C_7,I,A,USD,FALSE,1,0,1000000,84036.27,,bank,Christian,Vazquez,720 Maldonado Port,Deborahfurt,TN,US,33391,Male,1968/11/28,760-11-5504,-155.466882,56.1146525
8,C_8,I,A,USD,FALSE,1,0,1000000,79100.18,,bank,Michael,Moore,5945 Jennifer Loaf,Pooleland,PA,US,25707,Male,1936/12/11,653-58-6204,125.023969,21.2413705
9,C_9,I,A,USD,FALSE,1,0,1000000,88795.88,,bank,Rhonda,Golden,027 Jonathon Estate Suite 878,North Troyport,NH,US,7035,Female,2017/2/24,426-25-8988,159.886936,-67.594485
10,C_10,I,A,USD,FALSE,1,0,1000000,64488.88,,bank,Melissa,White,66503 Jennifer Alley,East Davidborough,ME,US,37198,Female,1971/4/24,875-51-1333,-168.271786,-16.257066
11,C_11,I,A,USD,FALSE,1,0,1000000,84305.54,,bank,Brittany,Cook,559 Meghan Squares Suite 765,East Nicholas,AL,US,18648,Female,2014/1/18,377-92-1536,1.599791,76.574431
12,C_12,I,A,USD,TRUE,1,0,1000000,60354.9,,bank,Brett,Kerr,29456 Kelly Neck Apt. 042,West Richardmouth,MT,US,14742,Male,1971/2/3,346-44-2037,77.207619,-58.859323
13,C_13,I,A,USD,FALSE,1,0,1000000,76463.6,,bank,Kelly,West,45229 Drake Route Apt. 113,North Paul,MO,US,73439,Female,1973/1/30,808-75-3560,47.116838,-67.5418185
14,C_14,I,A,USD,FALSE,1,0,1000000,67014.02,,bank,Loretta,Garcia,263 Wilson View Apt. 873,South Raymondborough,AZ,US,28798,Female,1968/12/20,388-47-8953,-98.752978,-61.882385
15,C_15,I,A,USD,FALSE,1,0,1000000,98922.73,,bank,Lindsey,Moore,930 Thornton Summit,Lisaton,FL,US,34171,Female,1958/3/1,597-38-7708,-144.373713,-67.278782
16,C_16,I,A,USD,FALSE,1,0,1000000,98593.33,,bank,Stephanie,Shaw,32040 Rivera Estates,Port Diana,NY,US,50600,Female,1984/9/7,093-87-8487,142.198934,-69.502778
17,C_17,I,A,USD,FALSE,1,0,1000000,60448.49,,bank,David,Jones,8967 Lawson Fort,Lake Nicoleburgh,NY,US,75246,Male,1942/3/29,845-39-6686,26.244182,12.993162
18,C_18,I,A,USD,FALSE,1,0,1000000,78301.91,,bank,Julie,Ellis,45007 Thomas Way,Lake Hollystad,AZ,US,80687,Female,1920/5/23,483-20-0332,-162.570237,70.605002
19,C_19,I,A,USD,FALSE,1,0,1000000,66472.13,,bank,Thomas,Brennan,85367 Nicole Ridge Suite 951,Kristinaberg,MS,US,39010,Male,1999/4/8,830-16-8504,-78.462962,-79.749951
20,C_20,I,A,USD,FALSE,1,0,1000000,98426.91,,bank,Michael,Fisher,3751 Rachel Canyon Suite 408,East Clayton,SC,US,66353,Male,1948/2/19,117-19-6980,123.8759,23.2949335
21,C_21,I,A,USD,FALSE,1,0,1000000,96226.3,,bank,Aaron,Hopkins,4151 Michael Burgs Suite 520,Port Michael,FL,US,27761,Male,2006/3/21,127-96-0118,-22.55565,9.0876195
22,C_22,I,A,USD,FALSE,1,0,1000000,79307.29,,bank,Gabriel,Watkins,27175 Anderson Fords,Matthewport,OH,US,83851,Male,1917/7/31,106-69-9517,-14.771265,-48.0158735
23,C_23,I,A,USD,TRUE,1,0,1000000,86004.22,,bank,Benjamin,Fisher,35833 Kelly Manor,Port Davidtown,CA,US,92535,Male,1981/7/17,427-95-2332,137.331791,23.330428
24,C_24,I,A,USD,FALSE,1,0,1000000,84066.24,,bank,Destiny,Grant,37580 Ortiz Mall Suite 735,Stephanieland,WY,US,14737,Female,2000/3/30,158-90-7310,34.091723,-40.2372505
25,C_25,I,A,USD,TRUE,1,0,1000000,67667.78,,bank,Brian,Irwin,37582 Ford Route Apt. 734,Port Hollymouth,IL,US,39633,Male,1947/7/27,559-78-2560,47.745511,36.5498485
26,C_26,I,A,USD,FALSE,1,0,1000000,95818.08,,bank,Michael,Gonzalez,86401 Stephenson Canyon Apt. 468,Wallaceview,LA,US,99489,Male,1918/3/9,037-10-4301,-15.930139,53.247534
27,C_27,I,A,USD,FALSE,1,0,1000000,94972.68,,bank,Patrick,Strong,16448 Audrey Road,New Daniel,ND,US,53377,Male,1944/7/2,300-57-6092,125.067738,78.795143
28,C_28,I,A,USD,FALSE,1,0,1000000,66532.92,,bank,Karen,Neal,166 Taylor Skyway,Michaelfort,MT,US,29076,Female,1949/11/22,505-84-0987,58.360888,-9.419662
29,C_29,I,A,USD,FALSE,1,0,1000000,87369.75,,bank,Ebony,Lester,93057 Oneal Branch Apt. 160,Blaketown,SC,US,92210,Female,1925/9/23,770-74-4718,-77.347952,-61.6907255
30,C_30,I,A,USD,FALSE,1,0,1000000,50454.61,,bank,Renee,Price,2566 Seth Station Apt. 852,East Sean,MS,US,56506,Female,1936/7/18,815-26-7198,-70.33407,67.445516
31,C_31,I,A,USD,FALSE,1,0,1000000,90817.96,,bank,Timothy,Villa,31250 Jesse Hills Apt. 845,Ellishaven,SD,US,72221,Male,1985/8/25,466-63-4174,75.363975,-32.1737435
32,C_32,I,A,USD,FALSE,1,0,1000000,78243.47,,bank,Corey,Franklin,02504 Donald Turnpike,Beckerfurt,IN,US,59968,Male,1989/2/8,088-41-5291,107.709743,32.3379515
33,C_33,I,A,USD,FALSE,1,0,1000000,97615.34,,bank,Joel,Hardy,4486 Olson Well,North Kevin,CA,US,1707,Male,1913/1/15,829-53-8087,67.235323,28.140754
34,C_34,I,A,USD,FALSE,1,0,1000000,68159.65,,bank,Bethany,Pitts,12637 Lisa Points,Williamsburgh,NM,US,29343,Female,1954/7/3,328-56-1758,119.066123,-13.360124
35,C_35,I,A,USD,FALSE,1,0,1000000,81285.65,,bank,Brett,Quinn,478 Herrera Green,Jesseville,WY,US,93812,Male,1940/6/9,224-37-0106,107.507316,48.3202435
36,C_36,I,A,USD,FALSE,1,0,1000000,66150.12,,bank,Michael,Hall,64195 Emily Squares,Jeffreybury,NC,US,40808,Male,1992/2/14,492-37-9537,-87.989788,-53.147048
37,C_37,I,A,USD,FALSE,1,0,1000000,89139.27,,bank,Hayden,Garza,9026 Theresa Pass Apt. 237,East Jessica,IN,US,50912,Male,1992/3/9,511-14-0427,102.627936,70.021251
38,C_38,I,A,USD,FALSE,1,0,1000000,80035.15,,bank,Richard,Cruz,0382 Lamb Street Suite 851,Derrickfurt,ID,US,41974,Male,1914/8/20,214-05-5164,-45.992206,2.1177525
39,C_39,I,A,USD,FALSE,1,0,1000000,99373.55,,bank,David,Smith,5240 Berry Centers,West Andrew,AR,US,3720,Male,1995/7/29,335-09-1023,5.18208,88.234602
40,C_40,I,A,USD,FALSE,1,0,1000000,50050.64,,bank,Joseph,Fitzgerald,6254 Debra Stream,Reyeschester,KS,US,70454,Male,2000/1/13,722-60-0688,123.186285,-57.091031
41,C_41,I,A,USD,FALSE,1,0,1000000,57037.94,,bank,Lisa,Ellis,08298 Christopher Freeway Apt. 302,Lake Christian,PA,US,14087,Female,1927/1/3,630-78-0657,-44.454654,1.335247
42,C_42,I,A,USD,FALSE,1,0,1000000,52180.07,,bank,Stephanie,Pierce,07154 Stephen Parkways Suite 265,Lindafurt,ME,US,70013,Female,1911/5/3,792-69-9348,116.403981,-19.5500315
43,C_43,I,A,USD,FALSE,1,0,1000000,56292.39,,bank,Vicki,Ballard,04049 Cooley Track Apt. 885,Goodview,DE,US,74692,Female,1939/8/10,601-87-8730,9.70636,-46.3655455
44,C_44,I,A,USD,FALSE,1,0,1000000,96469.26,,bank,Andrea,Boyle,6962 Kristina Port Apt. 725,Lake Timothyview,RI,US,25097,Female,1944/7/6,851-23-8676,-88.807725,-73.011535
45,C_45,I,A,USD,FALSE,1,0,1000000,97430.41,,bank,Tracy,Medina,188 Fischer Grove,Justinchester,VT,US,37258,Male,1982/1/21,326-44-3113,51.765238,-51.9607535
46,C_46,I,A,USD,FALSE,1,0,1000000,74020.63,,bank,Kendra,Pugh,965 Herring Points,Fieldsbury,AK,US,47978,Female,1999/3/1,200-81-5808,157.055688,43.4096615
47,C_47,I,A,USD,FALSE,1,0,1000000,97334.47,,bank,Brian,Lopez,342 Miller Mission,Lake Jennifer,NY,US,92905,Male,1966/7/14,067-55-6468,-34.050167,-22.17023
48,C_48,I,A,USD,FALSE,1,0,1000000,90919.38,,bank,Julie,Gallegos,514 Travis Track Suite 366,Rowefurt,AZ,US,76875,Female,1923/11/3,578-91-4561,-3.844152,-83.476675
49,C_49,I,A,USD,FALSE,1,0,1000000,88930.89,,bank,Victoria,Hubbard,19550 James Creek,Williamstown,MO,US,16920,Female,1944/1/8,417-86-2329,139.794221,-50.408586
50,C_50,I,A,USD,FALSE,1,0,1000000,87364.1,,bank,Bobby,Thompson,022 Renee Squares Apt. 808,Herringstad,OR,US,11353,Male,1942/9/23,207-34-5373,-43.698157,-20.4093225
51,C_51,I,A,USD,FALSE,1,0,1000000,59382.73,,bank,Susan,Taylor,78209 Darlene Bypass Suite 137,Port Stephen,VT,US,44235,Female,2011/8/2,570-08-8904,-135.752957,48.9611645
52,C_52,I,A,USD,FALSE,1,0,1000000,77443.86,,bank,Catherine,Martinez,69597 Bass Passage,Vanessaville,MD,US,3479,Female,1952/7/26,623-25-0724,42.176665,83.246352
53,C_53,I,A,USD,FALSE,1,0,1000000,71193.96,,bank,Jordan,Baker,0925 Ricky Mill Suite 994,Annamouth,HI,US,4523,Female,1959/5/5,066-46-1578,-113.768583,-82.9705695
54,C_54,I,A,USD,FALSE,1,0,1000000,97489.4,,bank,Anna,Serrano,9057 Alvarez Walks,New Michelleview,SD,US,68116,Female,1951/12/26,368-13-7724,-162.246916,-48.5879665
55,C_55,I,A,USD,FALSE,1,0,1000000,58691.68,,bank,Carolyn,Allen,395 Timothy Road,Williamsbury,LA,US,43567,Female,1937/5/6,168-54-7585,15.037922,61.768246
56,C_56,I,A,USD,FALSE,1,0,1000000,58492.94,,bank,Richard,Nunez,90622 Anthony Islands,North Brandonville,RI,US,19859,Male,1958/4/13,807-04-6861,54.217435,62.4831025
57,C_57,I,A,USD,FALSE,1,0,1000000,82943.09,,bank,Larry,Chan,66376 Sabrina Garden Suite 691,Whitneyhaven,ND,US,3348,Male,1938/11/3,283-06-5269,29.79607,78.068027
58,C_58,I,A,USD,TRUE,1,0,1000000,57870.09,,bank,Kevin,Ferrell,60666 Jennifer Rapids,Martinmouth,MT,US,21342,Male,1945/3/12,781-65-1844,17.720148,2.723188
59,C_59,I,A,USD,FALSE,1,0,1000000,55502.68,,bank,Christine,Anderson,8034 Jennifer Islands Suite 604,Johnsonchester,MS,US,95905,Female,1921/8/4,628-46-2716,-163.235767,25.582253
60,C_60,I,A,USD,FALSE,1,0,1000000,75196.16,,bank,Michael,Lang,16882 Eric Expressway Apt. 082,Kellyport,WY,US,44432,Male,2020/8/23,419-99-4289,-95.002763,1.932063
61,C_61,I,A,USD,FALSE,1,0,1000000,89833.05,,bank,Valerie,Hernandez,268 Young Lane Suite 678,Tamichester,CT,US,90080,Female,1985/12/29,610-82-8473,-122.654707,83.7732945
62,C_62,I,A,USD,FALSE,1,0,1000000,80252.28,,bank,David,Tucker,9261 Alex Lake,Floresmouth,OR,US,91816,Male,2012/2/27,235-21-9202,116.154583,-69.079963
63,C_63,I,A,USD,FALSE,1,0,1000000,87737.7,,bank,Stephen,Cunningham,28693 Erickson Lodge,Andrewberg,MS,US,22958,Male,1957/8/16,822-12-9638,37.533795,-0.2008135
64,C_64,I,A,USD,FALSE,1,0,1000000,63287.93,,bank,Karen,Knight,79148 Pierce Lock Suite 423,Erikberg,CA,US,9478,Female,1962/5/19,570-12-4351,78.92851,-28.354113
65,C_65,I,A,USD,FALSE,1,0,1000000,64248.14,,bank,Aaron,Perez,51202 Adrian Wall Suite 897,South Anitamouth,CT,US,90382,Male,2020/9/17,319-36-3681,-175.183159,43.044778
66,C_66,I,A,USD,TRUE,1,0,1000000,71435.18,,bank,Carl,Osborne,14963 Stuart Wall Apt. 343,Kellerstad,MS,US,80771,Male,1961/3/8,364-65-7717,-57.245803,86.1424655
67,C_67,I,A,USD,FALSE,1,0,1000000,99542.39,,bank,Brian,Reyes,4564 Timothy Highway Apt. 725,Lake Jacob,NM,US,30476,Male,1959/6/27,476-66-7566,123.812087,75.91768
68,C_68,I,A,USD,FALSE,1,0,1000000,85895.91,,bank,Jason,Baker,473 Holmes Alley Apt. 756,Port Tammy,OK,US,5801,Male,2005/4/24,335-23-1854,-82.921265,7.7519995
69,C_69,I,A,USD,FALSE,1,0,1000000,97312.7,,bank,Austin,Thompson,68021 Christopher Mountain,Port Aaron,RI,US,54922,Male,1938/6/21,233-54-6258,74.844519,-89.9007205
70,C_70,I,A,USD,FALSE,1,0,1000000,76893.52,,bank,Charles,Barton,94095 Wilcox Springs Suite 298,West Sierraville,AK,US,91248,Male,1925/1/28,389-27-9391,174.34942,-4.22496
71,C_71,I,A,USD,FALSE,1,0,1000000,77727.99,,bank,Kathy,Wilkins,171 Harrison Motorway,Davidview,CO,US,74554,Female,1938/5/15,465-32-5752,77.994144,20.134205
72,C_72,I,A,USD,FALSE,1,0,1000000,99504.52,,bank,John,Frederick,673 Allen Neck,Thomasmouth,MN,US,86129,Male,1926/11/1,852-67-1435,-79.279376,-9.4953765
73,C_73,I,A,USD,FALSE,1,0,1000000,59499.41,,bank,Clifford,Leblanc,6367 Gary Causeway,Pamhaven,VA,US,43499,Male,2003/7/25,872-77-9547,53.024373,-49.15798
74,C_74,I,A,USD,FALSE,1,0,1000000,89129.52,,bank,Courtney,Cohen,939 Johnson Oval Suite 830,North Dennismouth,TX,US,80451,Female,2009/8/22,529-55-4693,1.542633,42.4540295
75,C_75,I,A,USD,FALSE,1,0,1000000,89575.69,,bank,Brittney,Mayer,8576 Branch Island,Jonesbury,DE,US,99020,Female,1969/9/18,725-70-3441,17.50209,-77.4900685
76,C_76,I,A,USD,FALSE,1,0,1000000,92237.08,,bank,Joshua,Jones,69968 Cynthia Skyway,New Dawn,ME,US,50327,Male,1988/11/25,749-64-0251,-70.501675,22.5666445
77,C_77,I,A,USD,FALSE,1,0,1000000,87502.64,,bank,Katie,Morgan,1039 Brianna Passage Suite 274,New Sergiobury,MS,US,98277,Female,2018/9/30,605-34-1458,-156.372541,-48.4501675
78,C_78,I,A,USD,FALSE,1,0,1000000,57766.65,,bank,Hailey,Brooks,87656 Darryl Rest Apt. 201,Wrightview,MS,US,15630,Female,2015/11/18,653-25-8876,110.941669,-73.9997445
79,C_79,I,A,USD,FALSE,1,0,1000000,83056.38,,bank,Kelly,Callahan,70452 Forbes Courts,Mosesland,OK,US,14157,Female,1986/5/13,132-63-0568,99.294128,-30.033766
80,C_80,I,A,USD,FALSE,1,0,1000000,96185.16,,bank,John,Edwards,36397 Moore Stravenue,Terriside,ID,US,28821,Male,1924/1/24,284-72-0008,-135.288317,87.2444515
81,C_81,I,A,USD,FALSE,1,0,1000000,78164.26,,bank,Sandra,Martinez,501 Kelly Crescent Apt. 438,Michelleland,NY,US,70218,Female,1987/5/14,475-42-2854,-20.781847,-25.296328
82,C_82,I,A,USD,FALSE,1,0,1000000,68047.08,,bank,Douglas,Perez,00415 Levine Shoal Suite 038,West Carla,MS,US,55367,Male,1949/2/22,828-69-8020,60.953964,-57.0136205
83,C_83,I,A,USD,FALSE,1,0,1000000,97476.01,,bank,Adrian,Molina,037 Johnson Common,Coreyburgh,DC,US,57867,Male,1978/2/5,424-16-8640,-47.643293,44.1729295
84,C_84,I,A,USD,FALSE,1,0,1000000,78079.93,,bank,Tammy,Thornton,7028 Harris Drive Apt. 422,Amyburgh,VA,US,55206,Female,1927/12/5,250-98-9175,-110.840166,66.073832
85,C_85,I,A,USD,FALSE,1,0,1000000,70581.82,,bank,Katherine,Martinez,407 Bryan Expressway,Wagnerborough,ND,US,69462,Female,1918/4/13,546-02-1340,-174.337412,-24.7621545
86,C_86,I,A,USD,FALSE,1,0,1000000,80706.67,,bank,Jeremy,Hayes,465 Scott Club Apt. 933,Port Melissahaven,CA,US,91349,Male,2012/6/17,780-85-2204,142.027073,78.2756405
87,C_87,I,A,USD,FALSE,1,0,1000000,90206.25,,bank,Charles,Cardenas,92555 Shaw Spurs Suite 207,New Randy,ME,US,58221,Male,2016/8/24,718-43-5719,162.448519,71.89101
88,C_88,I,A,USD,FALSE,1,0,1000000,61415.1,,bank,Sara,Holland,849 Jacob Forge Suite 828,Port Carla,ND,US,66864,Female,1953/2/1,266-56-4943,64.92481,84.62584
89,C_89,I,A,USD,FALSE,1,0,1000000,50784.6,,bank,Isaac,Cain,7103 Melissa Underpass,Port Morganburgh,HI,US,87177,Male,1907/10/22,691-85-0271,-168.913094,73.0934885
90,C_90,I,A,USD,FALSE,1,0,1000000,76454.74,,bank,Chris,Vargas,09845 Monica Lights,West Jack,NM,US,86758,Male,1962/1/25,601-81-3715,-178.524235,-75.462117
91,C_91,I,A,USD,TRUE,1,0,1000000,97067.87,,bank,Paul,Tucker,281 Collins Roads,Lake Bryan,MD,US,86618,Male,1972/1/30,624-43-4417,166.798308,-69.0887635
92,C_92,I,A,USD,TRUE,1,0,1000000,84012.9,,bank,Ryan,Francis,84869 Fisher Estate,Mirandaville,WI,US,15107,Male,1972/3/21,302-88-1639,48.582932,-19.608769
93,C_93,I,A,USD,FALSE,1,0,1000000,81545.4,,bank,Stephen,Edwards,588 Alan Rest,Port Stephanieville,MS,US,63590,Male,2018/2/26,144-11-6424,165.692618,65.479369
94,C_94,I,A,USD,FALSE,1,0,1000000,81390.76,,bank,Shawn,Thomas,36009 Anderson Street,Richardside,WA,US,58918,Male,1923/11/18,660-27-9643,-89.615312,-66.033426
95,C_95,I,A,USD,FALSE,1,0,1000000,74849.49,,bank,Aaron,Hoover,4360 Alexandra Tunnel Apt. 042,Port Kathleen,DE,US,44045,Male,2020/7/28,149-43-9476,-146.405842,-66.8778945
96,C_96,I,A,USD,TRUE,1,0,1000000,86545.96,,bank,Sandra,Dixon,5778 Christopher Mill Suite 687,Stonebury,SD,US,52878,Female,1926/10/1,073-19-2555,-161.506612,13.0918715
97,C_97,I,A,USD,FALSE,1,0,1000000,62459.72,,bank,John,Reed,184 Bell Shores,Moralesmouth,TN,US,82072,Male,2012/5/11,515-05-6290,16.487131,1.8757605
98,C_98,I,A,USD,FALSE,1,0,1000000,94587.71,,bank,Terri,White,91715 Wang Gardens,New Williamton,MI,US,5710,Female,1943/3/25,498-62-6867,-179.300152,83.9181515
99,C_99,I,A,USD,FALSE,1,0,1000000,63723.63,,bank,Christopher,Alexander,520 Fox Expressway Suite 497,North Jasmine,PA,US,88434,Male,1985/4/19,336-56-9305,157.426353,-51.3219645
